{
    "eval_epoch": 22.0,
    "eval_eval_avg_precision": 0.9938919113500376,
    "eval_eval_avg_precision_macro": NaN,
    "eval_eval_avg_precision_micro": 0.9938919113500376,
    "eval_eval_avg_precision_weighted": 0.9921066443367014,
    "eval_eval_f1": 0.9854760623991393,
    "eval_eval_f1_macro": 0.7408587170195007,
    "eval_eval_f1_micro": 0.9854760623991393,
    "eval_eval_f1_samples": 0.9843581445523193,
    "eval_eval_f1_weighted": 0.9837921880890257,
    "eval_eval_hamming_loss": 0.0017133066818960593,
    "eval_eval_jaccard_macro": 0.6960633764439718,
    "eval_eval_jaccard_micro": 0.9713679745493107,
    "eval_eval_jaccard_samples": 0.9836389787846098,
    "eval_eval_jaccard_weighted": 0.9717322330127954,
    "eval_eval_loss": 0.009323909878730774,
    "eval_eval_precision_macro": 0.8087064169619536,
    "eval_eval_precision_micro": 0.9892008639308856,
    "eval_eval_precision_samples": 0.9854368932038835,
    "eval_eval_precision_weighted": 0.9882358364857164,
    "eval_eval_recall_macro": 0.7086148263941721,
    "eval_eval_recall_micro": 0.9817792068595927,
    "eval_eval_recall_samples": 0.9841783531103918,
    "eval_eval_recall_weighted": 0.9817792068595927,
    "eval_eval_roc_auc": NaN,
    "eval_eval_roc_auc_macro": NaN,
    "eval_eval_roc_auc_micro": NaN,
    "eval_eval_roc_auc_weighted": NaN,
    "eval_eval_runtime": 0.8367,
    "eval_eval_samples_per_second": 1107.988,
    "eval_eval_steps_per_second": 34.662,
    "eval_eval_subset_accuracy": 0.9816612729234089
}